{
  "string": [
    {
      "name": "module_desc",
      "value": "模块描述"
    },
    {
      "name": "EntryAbility_desc",
      "value": "运动总有新玩法"
    },
    {
      "name": "EntryAbility_label",
      "value": "健康生活"
    },
    {
      "name": "EntryFormAbility_desc",
      "value": "卡片创建，删除，修改，查询等操作入口"
    },
    {
      "name": "EntryFormAbility_label",
      "value": "服务卡片"
    },
    {
      "name": "agencyNoTask",
      "value": "请前往健康生活添加任务"
    },
    {
      "name": "task_reason",
      "value": "用于发布/取消任务提醒"
    },
    {
      "name": "empty",
      "value": "empty"
    },
    {
      "name": "login",
      "value": "登录/注册>"
    },
    {
      "name": "personalInfo",
      "value": "个人信息"
    },
    {
      "name": "avatar",
      "value": "头像"
    },
    {
      "name": "nickname",
      "value": "昵称"
    },
    {
      "name": "inputNickname",
      "value": "请输入昵称"
    },
    {
      "name": "inputPhone",
      "value": "授权手机号"
    },
    {
      "name": "phone",
      "value": "手机号"
    },
    {
      "name": "dearUser",
      "value": "亲爱的用户>"
    },
    {
      "name": "hwid_no_internet_connect",
      "value": "网络未连接，请检查网络设置。"
    },
    {
      "name": "hwid_text_button_known",
      "value": "知道了"
    },
    {
      "name": "agree",
      "value": "已阅读并同意"
    },
    {
      "name": "and",
      "value": "和"
    },
    {
      "name": "privacy",
      "value": "隐私政策"
    },
    {
      "name": "protocols",
      "value": "用户服务协议"
    },
    {
      "name": "others",
      "value": "其他方式登录"
    },
    {
      "name": "end",
      "value": "。"
    },
    {
      "name": "appName",
      "value": "应用名称"
    },
    {
      "name": "appDesc",
      "value": "应用描述"
    }
  ]
}