{
  "string": [
    {
      "name": "module_desc",
      "value": "description"
    },
    {
      "name": "EntryAbility_desc",
      "value": "There's always a new way to play sports."
    },
    {
      "name": "EntryAbility_label",
      "value": "Healthy living"
    },
    {
      "name": "EntryFormAbility_desc",
      "value": "form_description"
    },
    {
      "name": "EntryFormAbility_label",
      "value": "form_label"
    },
    {
      "name": "tab_home",
      "value": "首页"
    },
    {
      "name": "mine_personal_data",
      "value": "个人资料"
    },
    {
      "name": "mine_check_updates",
      "value": "检查更新"
    },
    {
      "name": "mine_about",
      "value": "关于"
    },
    {
      "name": "clock_in",
      "value": "打卡"
    },
    {
      "name": "got_it",
      "value": "知道了"
    },
    {
      "name": "tab_achievement",
      "value": "成就"
    },
    {
      "name": "achievement",
      "value": "我的成就"
    },
    {
      "name": "tab_mine",
      "value": "我的"
    },
    {
      "name": "task_list",
      "value": "任务列表"
    },
    {
      "name": "no_task",
      "value": "暂无任务，请添加任务"
    },
    {
      "name": "task_morning",
      "value": "早起"
    },
    {
      "name": "task_apple",
      "value": "吃苹果"
    },
    {
      "name": "task_water",
      "value": "喝水"
    },
    {
      "name": "task_smile",
      "value": "每日微笑"
    },
    {
      "name": "task_brush",
      "value": "每日刷牙"
    },
    {
      "name": "task_night",
      "value": "早睡"
    },
    {
      "name": "task_run",
      "value": "跑步1公里"
    },
    {
      "name": "task_done",
      "value": "已完成"
    },
    {
      "name": "task_achievement_level",
      "value": "连续%d天达成"
    },
    {
      "name": "getup_achievement",
      "value": "早起任务达成"
    },
    {
      "name": "drink_water_achievement",
      "value": "喝水任务达成"
    },
    {
      "name": "eat_apple_achievement",
      "value": "吃苹果任务达成"
    },
    {
      "name": "smile_achievement",
      "value": "微笑任务达成"
    },
    {
      "name": "brush_teeth_achievement",
      "value": "刷牙任务达成"
    },
    {
      "name": "sleep_achievement",
      "value": "早睡任务达成"
    },
    {
      "name": "run_achievement",
      "value": "跑步任务达成"
    },
    {
      "name": "getup_achievement_situ",
      "value": "早起任务%d%%达成"
    },
    {
      "name": "drink_water_achievement_situ",
      "value": "喝水任务%d%%达成"
    },
    {
      "name": "eat_apple_achievement_situ",
      "value": "吃苹果任务%d%%达成"
    },
    {
      "name": "smile_achievement_situ",
      "value": "微笑任务%d%%达成"
    },
    {
      "name": "brush_teeth_achievement_situ",
      "value": "刷牙任务%d%%达成"
    },
    {
      "name": "sleep_achievement_situ",
      "value": "早睡任务%d%%达成"
    },
    {
      "name": "run_achievement_situ",
      "value": "跑步任务%d%%达成"
    },
    {
      "name": "already_open",
      "value": "已开启"
    },
    {
      "name": "target_setting",
      "value": "目标设置"
    },
    {
      "name": "open_reminder",
      "value": "开启提醒"
    },
    {
      "name": "remind_time",
      "value": "提醒时间"
    },
    {
      "name": "frequency",
      "value": "提醒频率"
    },
    {
      "name": "complete",
      "value": "完成"
    },
    {
      "name": "cancel",
      "value": "取消"
    },
    {
      "name": "confirm",
      "value": "确认"
    },
    {
      "name": "set_your_frequency",
      "value": "请设置您的频率"
    },
    {
      "name": "target_progress",
      "value": "目标进度"
    },
    {
      "name": "Helvetica",
      "value": "Helvetica"
    },
    {
      "name": "PingFangSC_Regular",
      "value": "PingFangSC-Regular"
    },
    {
      "name": "HarmonyHeiTi",
      "value": "HarmonyHeiTi"
    },
    {
      "name": "HarmonyHeiTi_Bold",
      "value": "HarmonyHeiTi-Bold"
    },
    {
      "name": "HarmonyHeiTi_Medium",
      "value": "HarmonyHeiTi-Medium"
    },
    {
      "name": "sure",
      "value": "确定"
    },
    {
      "name": "privacy_title",
      "value": "请在“健康生活”权限管理中开启“XX”权限"
    },
    {
      "name": "privacy_desc",
      "value": "该功能支持XX…（功能介绍）"
    },
    {
      "name": "jump_ad",
      "value": " 跳过广告 %ds"
    },
    {
      "name": "alert",
      "value": "警告"
    },
    {
      "name": "alert_message",
      "value": "您的系统日期早于最新的打卡时间！"
    },
    {
      "name": "alert_button",
      "value": "退出"
    },
    {
      "name": "agencyNoTask",
      "value": "Go to Healthy Living to add tasks"
    },
    {
      "name": "task_reason",
      "value": "Used to publish/cancel task reminders"
    },
    {
      "name": "empty",
      "value": "empty"
    },
    {
      "name": "login",
      "value": "Sign in/Sign up>"
    },
    {
      "name": "personalInfo",
      "value": "Personal info"
    },
    {
      "name": "avatar",
      "value": "Profile picture"
    },
    {
      "name": "nickname",
      "value": "Nickname"
    },
    {
      "name": "inputNickname",
      "value": "Set"
    },
    {
      "name": "inputPhone",
      "value": "Authorize"
    },
    {
      "name": "phone",
      "value": "Mobile number"
    },
    {
      "name": "dearUser",
      "value": "Dear user>"
    },
    {
      "name": "hwid_no_internet_connect",
      "value": "No Internet connection. Check your network settings."
    },
    {
      "name": "hwid_text_button_known",
      "value": "OK"
    },
    {
      "name": "agree",
      "value": "I have read and agree to "
    },
    {
      "name": "privacy",
      "value": "Privacy Policy"
    },
    {
      "name": "and",
      "value": " and "
    },
    {
      "name": "protocols",
      "value": "User Service Agreement"
    },
    {
      "name": "others",
      "value": "Sign in another way"
    },
    {
      "name": "end",
      "value": "."
    },
    {
      "name": "appName",
      "value": "App name"
    },
    {
      "name": "appDesc",
      "value": "App description"
    }
  ]
}