{
  "string": [
    {
      "name": "module_desc",
      "value": "description"
    },
    {
      "name": "EntryAbility_desc",
      "value": "There's always a new way to play sports."
    },
    {
      "name": "EntryAbility_label",
      "value": "Healthy living"
    },
    {
      "name": "EntryFormAbility_desc",
      "value": "form_description"
    },
    {
      "name": "EntryFormAbility_label",
      "value": "form_label"
    },
    {
      "name": "agencyNoTask",
      "value": "Go to Healthy Living to add tasks"
    },
    {
      "name": "task_reason",
      "value": "Used to publish/cancel task reminders"
    },
    {
      "name": "empty",
      "value": "empty"
    },
    {
      "name": "login",
      "value": "Sign in/Sign up>"
    },
    {
      "name": "personalInfo",
      "value": "Personal info"
    },
    {
      "name": "avatar",
      "value": "Profile picture"
    },
    {
      "name": "nickname",
      "value": "Nickname"
    },
    {
      "name": "inputNickname",
      "value": "Set"
    },
    {
      "name": "inputPhone",
      "value": "Authorize"
    },
    {
      "name": "phone",
      "value": "Mobile number"
    },
    {
      "name": "dearUser",
      "value": "Dear user>"
    },
    {
      "name": "hwid_no_internet_connect",
      "value": "No Internet connection. Check your network settings."
    },
    {
      "name": "hwid_text_button_known",
      "value": "OK"
    },
    {
      "name": "agree",
      "value": "I have read and agree to "
    },
    {
      "name": "privacy",
      "value": "Privacy Policy"
    },
    {
      "name": "and",
      "value": " and "
    },
    {
      "name": "protocols",
      "value": "User Service Agreement"
    },
    {
      "name": "others",
      "value": "Sign in another way"
    },
    {
      "name": "end",
      "value": "."
    },
    {
      "name": "appName",
      "value": "App name"
    },
    {
      "name": "appDesc",
      "value": "App description"
    }
  ]
}